full_name;email;author_name;password
Scott Barnes;pmercer@example.net;Dott. Ivan Soffici;_2CGAmInowz#
Ann Hodges;phillipsjohn@example.com;Giustino Modigliani-Gozzano;*(&5_VOi_fjA
Tammy Cervantes;wwilliamson@example.com;Cecilia Pontecorvo;@13KbdrxTREJ
Kevin Vargas;ashley09@example.com;Antonella Bresciani-Zichichi;)54RWkiB*WJI
Diana Burton;katherine66@example.net;Biagio Valguarnera;*4Xn@St3PcA$
Melinda Rogers;jjennings@example.com;Gianpietro Manolesso-Barillaro;C6%u3AWiGN*8
Gabriel Brandt;jackking@example.org;Ludovica Giusti;rIeKlDow)6K7
Victoria Spencer;lindseypamela@example.org;Dott. Antonello Verga;u9))GoOt*zIO
Shelby Casey;fernandezethan@example.org;Dott. Giovanna Pozzecco;y@V3tmecT(3P
Taylor Schultz;jay89@example.net;Erika Vattimo;Qg2qXEsd(cN5
